{"eval/rmse_vel":0.28560301661491394,"train/loss_pos":0.0021601496264338493,"_step":7000,"vis/trajectory":{"format":"png","width":2520,"height":840,"_type":"image-file","sha256":"8a083da7025f678575dce7c4e7c9870149598adac14c7b010a0846112feb4fae","size":926775,"path":"media/images/vis/trajectory_7000_8a083da7025f678575dc.png"},"train/loss_vel":0.04075482115149498,"_timestamp":1.7765650176054451e+09,"eval/dtwd":5.11980094295099,"_wandb":{"runtime":33750},"train/lr":3.0000000000000004e-05,"eval/mvd":0.22053925693035126,"train/stability_mode":"icnn","train/loss":0.042914971709251404,"_runtime":33750.973177291}