{"train/loss_pos":0.007282590959221125,"train/loss_vel":1.0895682573318481,"_step":22,"train/stability_mode":"off","_timestamp":1.776545845242985e+09,"_runtime":51.813015083,"_wandb":{"runtime":51},"train/lr":0.0029967768835876545,"train/loss":1.096850872039795}